case,diameter_mm,depth_mm,method,condition,selected_component,score_range,otsu,raw_pixels,opened_pixels,closed_pixels,raw_gt_overlap,closed_gt_overlap,components
D040_Z002,4.0,0.2,PCT,Clean,1,0.53644148715716,0.173828125,8,0,0,4,0,0
D040_Z002,4.0,0.2,RPT,Clean,5,0.46159276152839546,0.263671875,4,0,0,4,0,0
D040_Z002,4.0,0.2,SPCT,Clean,0,0.013785812696221287,0.021484375,8,0,0,4,0,0
D040_Z002,4.0,0.2,PCT,SNR 30 dB,0,0.001281379069000766,0.462890625,523,0,0,2,0,0
D040_Z002,4.0,0.2,RPT,SNR 30 dB,2,2.1745769219128324,0.494140625,450,9,6,3,0,1
D040_Z002,4.0,0.2,SPCT,SNR 30 dB,0,0.0013360798930628325,0.525390625,496,9,9,3,0,1
D040_Z004,4.0,0.4,PCT,Clean,1,0.5120159465854114,0.181640625,4,0,0,4,0,0
D040_Z004,4.0,0.4,RPT,Clean,5,0.2611857412054892,0.185546875,388,384,260,4,0,1
D040_Z004,4.0,0.4,SPCT,Clean,0,0.006094802338970848,0.041015625,4,0,0,4,0,0
D040_Z004,4.0,0.4,PCT,SNR 30 dB,0,0.0012812945623025054,0.462890625,523,0,0,2,0,0
D040_Z004,4.0,0.4,RPT,SNR 30 dB,2,2.17453153419466,0.494140625,450,9,6,3,0,1
D040_Z004,4.0,0.4,SPCT,SNR 30 dB,0,0.001515884176447841,0.470703125,483,9,9,2,0,1
D040_Z006,4.0,0.6,PCT,Clean,1,0.4993177046595346,0.193359375,4,0,0,4,0,0
D040_Z006,4.0,0.6,RPT,Clean,5,0.2131337008219596,0.197265625,388,384,260,4,0,1
D040_Z006,4.0,0.6,SPCT,Clean,0,0.004649559004763715,0.060546875,8,0,0,4,0,0
D040_Z006,4.0,0.6,PCT,SNR 30 dB,0,0.0012813717624431849,0.462890625,523,0,0,2,0,0
D040_Z006,4.0,0.6,RPT,SNR 30 dB,2,2.1745266219847172,0.494140625,449,9,6,2,0,1
D040_Z006,4.0,0.6,SPCT,SNR 30 dB,0,0.0015112036223088009,0.470703125,477,9,9,1,0,1
D040_Z008,4.0,0.8,PCT,Clean,1,0.49123642126862793,0.236328125,8,0,0,4,0,0
D040_Z008,4.0,0.8,RPT,Clean,5,0.13439120505939428,0.251953125,396,392,268,4,0,1
D040_Z008,4.0,0.8,SPCT,Clean,0,0.00015928490607156065,0.435546875,400,400,276,0,0,1
D040_Z008,4.0,0.8,PCT,SNR 30 dB,0,0.001280666786556122,0.462890625,524,0,0,2,0,0
D040_Z008,4.0,0.8,RPT,SNR 30 dB,2,2.174499658976373,0.494140625,449,9,6,2,0,1
D040_Z008,4.0,0.8,SPCT,SNR 30 dB,0,0.001488018024285647,0.474609375,462,9,9,2,0,1
D040_Z010,4.0,1.0,PCT,Clean,1,0.48159429429589534,0.267578125,8,0,0,4,0,0
D040_Z010,4.0,1.0,RPT,Clean,5,0.10716070110498954,0.306640625,400,396,272,4,0,1
D040_Z010,4.0,1.0,SPCT,Clean,0,0.000158707994103887,0.431640625,404,404,280,0,0,1
D040_Z010,4.0,1.0,PCT,SNR 30 dB,0,0.001280669564694064,0.462890625,524,0,0,2,0,0
D040_Z010,4.0,1.0,RPT,SNR 30 dB,2,2.174492794334671,0.494140625,449,9,6,2,0,1
D040_Z010,4.0,1.0,SPCT,SNR 30 dB,0,0.0014815457243789847,0.474609375,462,9,9,2,0,1
D060_Z002,6.0,0.2,PCT,Clean,1,0.49620742740053314,0.201171875,4,0,0,4,0,0
D060_Z002,6.0,0.2,RPT,Clean,5,1.8694774217831718,0.193359375,8,0,0,4,0,0
D060_Z002,6.0,0.2,SPCT,Clean,2,0.4999999880369081,0.001953125,4,0,0,0,0,0
D060_Z002,6.0,0.2,PCT,SNR 30 dB,1,0.48707820036601024,0.271484375,4,0,0,4,0,0
D060_Z002,6.0,0.2,RPT,SNR 30 dB,5,2.994879170897157,0.330078125,490,9,9,4,4,1
D060_Z002,6.0,0.2,SPCT,SNR 30 dB,0,0.0039021333775061534,0.373046875,6,0,0,4,0,0
D060_Z004,6.0,0.4,PCT,Clean,1,0.4935926625531144,0.283203125,4,0,0,4,0,0
D060_Z004,6.0,0.4,RPT,Clean,5,0.5860657105228544,0.263671875,4,0,0,4,0,0
D060_Z004,6.0,0.4,SPCT,Clean,0,0.020965147381563878,0.259765625,8,0,0,4,0,0
D060_Z004,6.0,0.4,PCT,SNR 30 dB,2,0.24116798580663165,0.400390625,510,9,6,4,0,1
D060_Z004,6.0,0.4,RPT,SNR 30 dB,2,2.174747586799514,0.494140625,456,9,6,3,0,1
D060_Z004,6.0,0.4,SPCT,SNR 30 dB,0,0.001396722661447157,0.451171875,528,0,0,2,0,0
D060_Z006,6.0,0.6,PCT,Clean,1,0.4926057518358858,0.283203125,4,0,0,4,0,0
D060_Z006,6.0,0.6,RPT,Clean,5,0.7437085019598424,0.263671875,8,0,0,4,0,0
D060_Z006,6.0,0.6,SPCT,Clean,0,0.029047495715852228,0.263671875,8,0,0,4,0,0
D060_Z006,6.0,0.6,PCT,SNR 30 dB,1,0.3317619766804976,0.236328125,499,9,9,4,4,1
D060_Z006,6.0,0.6,RPT,SNR 30 dB,2,2.1748214267411665,0.494140625,459,9,6,4,0,1
D060_Z006,6.0,0.6,SPCT,SNR 30 dB,0,0.001593303326150132,0.509765625,474,0,0,4,0,0
D060_Z008,6.0,0.8,PCT,Clean,1,0.4903380579224525,0.318359375,4,0,0,4,0,0
D060_Z008,6.0,0.8,RPT,Clean,5,0.4468869227784005,0.291015625,4,0,0,4,0,0
D060_Z008,6.0,0.8,SPCT,Clean,0,0.016767022853711074,0.291015625,4,0,0,4,0,0
D060_Z008,6.0,0.8,PCT,SNR 30 dB,0,0.0012884441166752941,0.462890625,534,0,0,2,0,0
D060_Z008,6.0,0.8,RPT,SNR 30 dB,2,2.1747304183595837,0.494140625,455,9,6,3,0,1
D060_Z008,6.0,0.8,SPCT,SNR 30 dB,0,0.0013312751984790837,0.521484375,515,9,9,3,0,1
D060_Z010,6.0,1.0,PCT,Clean,1,0.4845196560298412,0.333984375,4,0,0,4,0,0
D060_Z010,6.0,1.0,RPT,Clean,5,0.36894554143637315,0.302734375,8,0,0,4,0,0
D060_Z010,6.0,1.0,SPCT,Clean,0,0.012906589657330908,0.306640625,4,0,0,4,0,0
D060_Z010,6.0,1.0,PCT,SNR 30 dB,0,0.0012885815250665185,0.462890625,534,0,0,2,0,0
D060_Z010,6.0,1.0,RPT,SNR 30 dB,2,2.1746845397178953,0.494140625,455,9,6,3,0,1
D060_Z010,6.0,1.0,SPCT,SNR 30 dB,0,0.00139637254821353,0.498046875,466,9,9,3,0,1
D080_Z002,8.0,0.2,PCT,Clean,1,0.49683405349010645,0.255859375,4,0,0,4,0,0
D080_Z002,8.0,0.2,RPT,Clean,5,2.8143997870849855,0.255859375,4,0,0,4,0,0
D080_Z002,8.0,0.2,SPCT,Clean,0,0.018298201157909956,0.236328125,8,0,0,8,0,0
D080_Z002,8.0,0.2,PCT,SNR 30 dB,1,0.4985527572044271,0.287109375,5,0,0,5,0,0
D080_Z002,8.0,0.2,RPT,SNR 30 dB,5,3.8851691927897747,0.255859375,485,12,12,8,8,1
D080_Z002,8.0,0.2,SPCT,SNR 30 dB,0,0.0034348491102389085,0.216796875,452,0,0,8,0,0
D080_Z004,8.0,0.4,PCT,Clean,1,0.4815896789097168,0.392578125,4,0,0,4,0,0
D080_Z004,8.0,0.4,RPT,Clean,5,0.7354708563265291,0.376953125,4,0,0,4,0,0
D080_Z004,8.0,0.4,SPCT,Clean,0,0.026482478922846924,0.361328125,4,0,0,4,0,0
D080_Z004,8.0,0.4,PCT,SNR 30 dB,1,0.3133628322202353,0.259765625,488,21,21,8,8,1
D080_Z004,8.0,0.4,RPT,SNR 30 dB,2,2.1748828990432107,0.490234375,476,28,25,8,8,2
D080_Z004,8.0,0.4,SPCT,SNR 30 dB,0,0.001539599950641058,0.521484375,494,0,0,4,0,0
D080_Z006,8.0,0.6,PCT,Clean,1,0.48447907742864926,0.353515625,8,0,0,8,0,0
D080_Z006,8.0,0.6,RPT,Clean,5,1.0296187585723473,0.345703125,4,0,0,4,0,0
D080_Z006,8.0,0.6,SPCT,Clean,3,0.49997507980291855,0.001953125,16,0,0,4,0,0
D080_Z006,8.0,0.6,PCT,SNR 30 dB,1,0.40259619906493965,0.166015625,446,18,18,8,8,1
D080_Z006,8.0,0.6,RPT,SNR 30 dB,2,2.1750338972814562,0.490234375,476,28,25,8,8,2
D080_Z006,8.0,0.6,SPCT,SNR 30 dB,0,0.0031873986276635055,0.271484375,401,12,12,8,8,1
D080_Z008,8.0,0.8,PCT,Clean,1,0.47991546802317836,0.384765625,4,0,0,4,0,0
D080_Z008,8.0,0.8,RPT,Clean,5,0.6127553257495499,0.369140625,4,0,0,4,0,0
D080_Z008,8.0,0.8,SPCT,Clean,0,0.025326860885379228,0.357421875,4,0,0,4,0,0
D080_Z008,8.0,0.8,PCT,SNR 30 dB,1,0.30508913958038075,0.271484375,468,21,21,8,8,1
D080_Z008,8.0,0.8,RPT,SNR 30 dB,2,2.1749034899756703,0.494140625,460,9,6,6,0,1
D080_Z008,8.0,0.8,SPCT,SNR 30 dB,0,0.0014975411851355577,0.455078125,514,26,26,5,0,2
D080_Z010,8.0,1.0,PCT,Clean,1,0.4707141718884501,0.404296875,8,0,0,8,0,0
D080_Z010,8.0,1.0,RPT,Clean,5,0.5008687047143852,0.384765625,4,0,0,4,0,0
D080_Z010,8.0,1.0,SPCT,Clean,0,0.01946628522342412,0.380859375,4,0,0,4,0,0
D080_Z010,8.0,1.0,PCT,SNR 30 dB,1,0.27118393540448726,0.380859375,491,15,15,8,6,1
D080_Z010,8.0,1.0,RPT,SNR 30 dB,2,2.1748168848909826,0.494140625,459,9,6,5,0,1
D080_Z010,8.0,1.0,SPCT,SNR 30 dB,0,0.0014207127105711204,0.455078125,527,9,9,6,0,1
D100_Z002,10.0,0.2,PCT,Clean,1,0.4895567984206475,0.341796875,8,0,0,8,0,0
D100_Z002,10.0,0.2,RPT,Clean,5,3.10578004065383,0.353515625,4,0,0,4,0,0
D100_Z002,10.0,0.2,SPCT,Clean,0,0.013913686294854337,0.314453125,4,0,0,4,0,0
D100_Z002,10.0,0.2,PCT,SNR 30 dB,1,0.4859954860719269,0.357421875,4,0,0,4,0,0
D100_Z002,10.0,0.2,RPT,SNR 30 dB,5,4.097368278022154,0.248046875,461,15,15,12,12,1
D100_Z002,10.0,0.2,SPCT,SNR 30 dB,0,0.003316349666341277,0.224609375,461,9,9,12,8,1
D100_Z004,10.0,0.4,PCT,Clean,1,0.4414737013693794,0.255859375,16,0,0,12,0,0
D100_Z004,10.0,0.4,RPT,Clean,5,0.842102083798741,0.384765625,12,0,0,12,0,0
D100_Z004,10.0,0.4,SPCT,Clean,0,0.030094082527140117,0.345703125,8,0,0,8,0,0
D100_Z004,10.0,0.4,PCT,SNR 30 dB,1,0.3414537845957484,0.212890625,459,18,18,12,12,1
D100_Z004,10.0,0.4,RPT,SNR 30 dB,2,2.175025613758364,0.494140625,468,31,28,12,12,2
D100_Z004,10.0,0.4,SPCT,SNR 30 dB,0,0.0029537067829111634,0.310546875,380,12,12,12,10,1
D100_Z006,10.0,0.6,PCT,Clean,1,0.4630299759757563,0.283203125,12,0,0,12,0,0
D100_Z006,10.0,0.6,RPT,Clean,5,1.1832271591259644,0.458984375,8,0,0,8,0,0
D100_Z006,10.0,0.6,SPCT,Clean,3,0.4999990967308314,0.001953125,4,0,0,4,0,0
D100_Z006,10.0,0.6,PCT,SNR 30 dB,1,0.40873907198941895,0.396484375,9,0,0,9,0,0
D100_Z006,10.0,0.6,RPT,SNR 30 dB,5,2.2335339418163755,0.443359375,498,9,9,10,8,1
D100_Z006,10.0,0.6,SPCT,SNR 30 dB,0,0.003764404386677623,0.232421875,359,12,12,12,10,1
D100_Z008,10.0,0.8,PCT,Clean,1,0.45380751356880383,0.310546875,12,0,0,12,0,0
D100_Z008,10.0,0.8,RPT,Clean,5,0.7061399968224986,0.482421875,8,0,0,8,0,0
D100_Z008,10.0,0.8,SPCT,Clean,0,0.0299787071360997,0.275390625,12,0,0,12,0,0
D100_Z008,10.0,0.8,PCT,SNR 30 dB,1,0.3316971737077719,0.208984375,477,18,18,12,12,1
D100_Z008,10.0,0.8,RPT,SNR 30 dB,2,2.1750671615006807,0.490234375,477,28,25,11,10,2
D100_Z008,10.0,0.8,SPCT,SNR 30 dB,0,0.002578414968922013,0.353515625,420,12,12,12,10,1
D100_Z010,10.0,1.0,PCT,Clean,1,0.4434644079262712,0.326171875,12,0,0,12,0,0
D100_Z010,10.0,1.0,RPT,Clean,5,0.5785336005280008,0.494140625,4,0,0,4,0,0
D100_Z010,10.0,1.0,SPCT,Clean,0,0.02347409334687773,0.298828125,8,0,0,8,0,0
D100_Z010,10.0,1.0,PCT,SNR 30 dB,1,0.29772707256701597,0.263671875,489,26,26,12,12,1
D100_Z010,10.0,1.0,RPT,SNR 30 dB,2,2.174969275660069,0.494140625,466,21,18,10,5,2
D100_Z010,10.0,1.0,SPCT,SNR 30 dB,0,0.0016347902110518883,0.517578125,481,0,0,8,0,0
D120_Z002,12.0,0.2,PCT,Clean,1,0.42149651774465324,0.271484375,16,0,0,16,0,0
D120_Z002,12.0,0.2,RPT,Clean,5,3.744582441280091,0.294921875,12,0,0,12,0,0
D120_Z002,12.0,0.2,SPCT,Clean,0,0.00854155751400517,0.287109375,12,0,0,12,0,0
D120_Z002,12.0,0.2,PCT,SNR 30 dB,1,0.41962859670913444,0.283203125,13,0,0,13,0,0
D120_Z002,12.0,0.2,RPT,SNR 30 dB,5,4.639017180946933,0.228515625,424,23,23,20,20,1
D120_Z002,12.0,0.2,SPCT,SNR 30 dB,0,0.003084096015386815,0.248046875,425,12,12,18,12,1
D120_Z004,12.0,0.4,PCT,Clean,1,0.3475849701240583,0.353515625,16,0,0,16,0,0
D120_Z004,12.0,0.4,RPT,Clean,5,0.9614163434810621,0.427734375,16,0,0,16,0,0
D120_Z004,12.0,0.4,SPCT,Clean,2,0.36495468507416245,0.001953125,20,0,0,16,0,0
D120_Z004,12.0,0.4,PCT,SNR 30 dB,1,0.3271308951644518,0.357421875,20,15,15,19,15,1
D120_Z004,12.0,0.4,RPT,SNR 30 dB,2,2.175217498809066,0.498046875,467,37,34,20,20,2
D120_Z004,12.0,0.4,SPCT,SNR 30 dB,0,0.0036891247264363852,0.294921875,154,18,18,19,17,1
D120_Z006,12.0,0.6,PCT,Clean,1,0.38658749042148777,0.326171875,12,0,0,12,0,0
D120_Z006,12.0,0.6,RPT,Clean,5,1.5370359917286542,0.341796875,12,0,0,12,0,0
D120_Z006,12.0,0.6,SPCT,Clean,0,0.021794458413578806,0.294921875,12,0,0,12,0,0
D120_Z006,12.0,0.6,PCT,SNR 30 dB,1,0.3796042556378178,0.392578125,12,0,0,12,0,0
D120_Z006,12.0,0.6,RPT,SNR 30 dB,5,2.556748872446237,0.396484375,478,23,23,20,20,1
D120_Z006,12.0,0.6,SPCT,SNR 30 dB,0,0.0033773604762442518,0.244140625,400,15,15,19,15,1
D120_Z008,12.0,0.8,PCT,Clean,1,0.37769092531068643,0.330078125,16,0,0,16,0,0
D120_Z008,12.0,0.8,RPT,Clean,5,0.9028715710800252,0.349609375,12,0,0,12,0,0
D120_Z008,12.0,0.8,SPCT,Clean,3,0.4951623453333841,0.138671875,8,0,0,8,0,0
D120_Z008,12.0,0.8,PCT,SNR 30 dB,1,0.35071491704714997,0.423828125,14,0,0,14,0,0
D120_Z008,12.0,0.8,RPT,SNR 30 dB,2,2.1753648397987133,0.494140625,473,37,34,20,20,2
D120_Z008,12.0,0.8,SPCT,SNR 30 dB,0,0.0031833668272793873,0.279296875,380,15,15,19,15,1
D120_Z010,12.0,1.0,PCT,Clean,1,0.370348442494894,0.337890625,16,0,0,16,0,0
D120_Z010,12.0,1.0,RPT,Clean,5,0.7576779294888212,0.349609375,16,0,0,16,0,0
D120_Z010,12.0,1.0,SPCT,Clean,4,0.49903034872625346,0.060546875,8,0,0,8,0,0
D120_Z010,12.0,1.0,PCT,SNR 30 dB,1,0.33320163836259514,0.408203125,18,14,14,18,14,1
D120_Z010,12.0,1.0,RPT,SNR 30 dB,2,2.175205763107182,0.494140625,473,37,34,20,20,2
D120_Z010,12.0,1.0,SPCT,SNR 30 dB,0,0.002875453992392224,0.318359375,369,12,12,18,12,1
