metric,noise_condition,unit,method_a,method_b,n_pairs,nonzero_pairs,statistic,p_value,mean_difference,p_holm
is_detected,All,paired_run_exploratory,Matched Filter,PCT,775,187,4700.0,1.9905256545556941e-10,0.11225806451612903,5.971576963667082e-10
is_detected,All,paired_run_exploratory,Matched Filter,RPT,775,147,740.0,1.127954518495202e-25,0.1638709677419355,6.767727110971212e-25
is_detected,All,paired_run_exploratory,Matched Filter,Raw Contrast,775,250,0.0,2.5968070393400377e-56,0.3225806451612903,2.5968070393400377e-55
is_detected,All,paired_run_exploratory,Matched Filter,SPCT,775,177,890.0,3.8642241576902506e-32,0.20258064516129032,3.0913793261522005e-31
is_detected,All,paired_run_exploratory,PCT,RPT,775,180,6335.0,0.002869112792076615,0.05161290322580645,0.00573822558415323
is_detected,All,paired_run_exploratory,PCT,Raw Contrast,775,177,623.0,1.642467572910342e-34,0.2103225806451613,1.4782208156193079e-33
is_detected,All,paired_run_exploratory,PCT,SPCT,775,90,455.0,1.5990512424003903e-13,0.09032258064516129,6.396204969601561e-13
is_detected,All,paired_run_exploratory,RPT,Raw Contrast,775,137,483.0,7.885610496204381e-26,0.15870967741935485,5.519927347343067e-25
is_detected,All,paired_run_exploratory,RPT,SPCT,775,110,2220.0,0.004231232899758138,0.03870967741935484,0.00573822558415323
is_detected,All,paired_run_exploratory,Raw Contrast,SPCT,775,107,378.0,2.4577400507529413e-19,-0.12,1.2288700253764706e-18
is_detected,All,geometry_mean,Matched Filter,PCT,25,23,55.5,0.011437133447873189,0.11225806451612903,0.05718566723936594
is_detected,All,geometry_mean,Matched Filter,RPT,25,22,15.0,0.00025084078440854653,0.1638709677419355,0.0020067262752683722
is_detected,All,geometry_mean,Matched Filter,Raw Contrast,25,20,0.0,7.612502462153449e-05,0.3225806451612903,0.0007612502462153449
is_detected,All,geometry_mean,Matched Filter,SPCT,25,22,14.0,0.00022119637317924757,0.20258064516129032,0.001990767358613228
is_detected,All,geometry_mean,PCT,RPT,25,10,15.0,0.16551785869747015,0.05161290322580645,0.3310357173949403
is_detected,All,geometry_mean,PCT,Raw Contrast,25,14,3.0,0.001758149214031183,0.2103225806451613,0.012307044498218282
is_detected,All,geometry_mean,PCT,SPCT,25,7,0.0,0.0081509715935027,0.09032258064516129,0.048905829561016204
is_detected,All,geometry_mean,RPT,Raw Contrast,25,11,6.0,0.01573722226631099,0.15870967741935485,0.06294888906524396
is_detected,All,geometry_mean,RPT,SPCT,25,8,14.0,0.5580088344574561,0.038709677419354833,0.5580088344574561
is_detected,All,geometry_mean,Raw Contrast,SPCT,25,10,6.0,0.027699752460928085,-0.12,0.08309925738278426
is_detected,Clean,paired_run_exploratory,Matched Filter,PCT,25,17,0.0,3.737981840170154e-05,0.68,0.0003737981840170154
is_detected,Clean,paired_run_exploratory,Matched Filter,RPT,25,17,0.0,3.737981840170154e-05,0.68,0.0003737981840170154
is_detected,Clean,paired_run_exploratory,Matched Filter,Raw Contrast,25,10,0.0,0.001565402258002548,0.4,0.010957815806017835
is_detected,Clean,paired_run_exploratory,Matched Filter,SPCT,25,17,0.0,3.737981840170154e-05,0.68,0.0003737981840170154
is_detected,Clean,paired_run_exploratory,PCT,RPT,25,0,0.0,1.0,0.0,1.0
is_detected,Clean,paired_run_exploratory,PCT,Raw Contrast,25,7,0.0,0.0081509715935027,-0.28,0.048905829561016204
is_detected,Clean,paired_run_exploratory,PCT,SPCT,25,0,0.0,1.0,0.0,1.0
is_detected,Clean,paired_run_exploratory,RPT,Raw Contrast,25,7,0.0,0.0081509715935027,-0.28,0.048905829561016204
is_detected,Clean,paired_run_exploratory,RPT,SPCT,25,0,0.0,1.0,0.0,1.0
is_detected,Clean,paired_run_exploratory,Raw Contrast,SPCT,25,7,0.0,0.0081509715935027,0.28,0.048905829561016204
is_detected,Clean,geometry_mean,Matched Filter,PCT,25,17,0.0,3.737981840170154e-05,0.68,0.0003737981840170154
is_detected,Clean,geometry_mean,Matched Filter,RPT,25,17,0.0,3.737981840170154e-05,0.68,0.0003737981840170154
is_detected,Clean,geometry_mean,Matched Filter,Raw Contrast,25,10,0.0,0.001565402258002548,0.4,0.010957815806017835
is_detected,Clean,geometry_mean,Matched Filter,SPCT,25,17,0.0,3.737981840170154e-05,0.68,0.0003737981840170154
is_detected,Clean,geometry_mean,PCT,RPT,25,0,0.0,1.0,0.0,1.0
is_detected,Clean,geometry_mean,PCT,Raw Contrast,25,7,0.0,0.0081509715935027,-0.28,0.048905829561016204
is_detected,Clean,geometry_mean,PCT,SPCT,25,0,0.0,1.0,0.0,1.0
is_detected,Clean,geometry_mean,RPT,Raw Contrast,25,7,0.0,0.0081509715935027,-0.28,0.048905829561016204
is_detected,Clean,geometry_mean,RPT,SPCT,25,0,0.0,1.0,0.0,1.0
is_detected,Clean,geometry_mean,Raw Contrast,SPCT,25,7,0.0,0.0081509715935027,0.28,0.048905829561016204
is_detected,SNR 20 dB,paired_run_exploratory,Matched Filter,PCT,250,30,155.0,0.06788915486182899,0.04,0.13577830972365798
is_detected,SNR 20 dB,paired_run_exploratory,Matched Filter,RPT,250,40,0.0,2.5396285894708567e-10,0.16,2.0317028715766853e-09
is_detected,SNR 20 dB,paired_run_exploratory,Matched Filter,Raw Contrast,250,50,0.0,1.5374597944280347e-12,0.2,1.5374597944280347e-11
is_detected,SNR 20 dB,paired_run_exploratory,Matched Filter,SPCT,250,50,0.0,1.5374597944280347e-12,0.2,1.5374597944280347e-11
is_detected,SNR 20 dB,paired_run_exploratory,PCT,RPT,250,50,255.0,2.2090496998585445e-05,0.12,0.00011045248499292723
is_detected,SNR 20 dB,paired_run_exploratory,PCT,Raw Contrast,250,40,0.0,2.5396285894708567e-10,0.16,2.0317028715766853e-09
is_detected,SNR 20 dB,paired_run_exploratory,PCT,SPCT,250,40,0.0,2.5396285894708567e-10,0.16,2.0317028715766853e-09
is_detected,SNR 20 dB,paired_run_exploratory,RPT,Raw Contrast,250,10,0.0,0.001565402258002548,0.04,0.006261609032010192
is_detected,SNR 20 dB,paired_run_exploratory,RPT,SPCT,250,10,0.0,0.001565402258002548,0.04,0.006261609032010192
is_detected,SNR 20 dB,paired_run_exploratory,Raw Contrast,SPCT,250,0,0.0,1.0,0.0,1.0
is_detected,SNR 20 dB,geometry_mean,Matched Filter,PCT,25,3,2.0,0.5637028616507731,0.04,1.0
is_detected,SNR 20 dB,geometry_mean,Matched Filter,RPT,25,4,0.0,0.04550026389635839,0.16,0.3640021111708671
is_detected,SNR 20 dB,geometry_mean,Matched Filter,Raw Contrast,25,5,0.0,0.025347318677468252,0.2,0.2534731867746825
is_detected,SNR 20 dB,geometry_mean,Matched Filter,SPCT,25,5,0.0,0.025347318677468252,0.2,0.2534731867746825
is_detected,SNR 20 dB,geometry_mean,PCT,RPT,25,5,3.0,0.17971249487899976,0.12,0.8985624743949988
is_detected,SNR 20 dB,geometry_mean,PCT,Raw Contrast,25,4,0.0,0.04550026389635839,0.16,0.3640021111708671
is_detected,SNR 20 dB,geometry_mean,PCT,SPCT,25,4,0.0,0.04550026389635839,0.16,0.3640021111708671
is_detected,SNR 20 dB,geometry_mean,RPT,Raw Contrast,25,1,0.0,0.31731050786291415,0.04,1.0
is_detected,SNR 20 dB,geometry_mean,RPT,SPCT,25,1,0.0,0.31731050786291415,0.04,1.0
is_detected,SNR 20 dB,geometry_mean,Raw Contrast,SPCT,25,0,0.0,1.0,0.0,1.0
is_detected,SNR 25 dB,paired_run_exploratory,Matched Filter,PCT,250,60,610.0,0.009823274507519249,0.08,0.029469823522557746
is_detected,SNR 25 dB,paired_run_exploratory,Matched Filter,RPT,250,40,0.0,2.5396285894708567e-10,0.16,2.0317028715766853e-09
is_detected,SNR 25 dB,paired_run_exploratory,Matched Filter,Raw Contrast,250,80,0.0,3.744097384202872e-19,0.32,3.744097384202872e-18
is_detected,SNR 25 dB,paired_run_exploratory,Matched Filter,SPCT,250,60,305.0,2.417563881119019e-07,0.16,1.2087819405595094e-06
is_detected,SNR 25 dB,paired_run_exploratory,PCT,RPT,250,60,610.0,0.009823274507519249,0.08,0.029469823522557746
is_detected,SNR 25 dB,paired_run_exploratory,PCT,Raw Contrast,250,60,0.0,9.485737571073745e-15,0.24,8.537163813966371e-14
is_detected,SNR 25 dB,paired_run_exploratory,PCT,SPCT,250,20,0.0,7.74421643104407e-06,0.08,3.097686572417628e-05
is_detected,SNR 25 dB,paired_run_exploratory,RPT,Raw Contrast,250,40,0.0,2.5396285894708567e-10,0.16,2.0317028715766853e-09
is_detected,SNR 25 dB,paired_run_exploratory,RPT,SPCT,250,40,410.0,1.0,0.0,1.0
is_detected,SNR 25 dB,paired_run_exploratory,Raw Contrast,SPCT,250,40,0.0,2.5396285894708567e-10,-0.16,2.0317028715766853e-09
is_detected,SNR 25 dB,geometry_mean,Matched Filter,PCT,25,6,7.0,0.4142161782425253,0.08,1.0
is_detected,SNR 25 dB,geometry_mean,Matched Filter,RPT,25,4,0.0,0.04550026389635839,0.16,0.3640021111708671
is_detected,SNR 25 dB,geometry_mean,Matched Filter,Raw Contrast,25,8,0.0,0.0046777349810472576,0.32,0.046777349810472574
is_detected,SNR 25 dB,geometry_mean,Matched Filter,SPCT,25,6,3.5,0.10247043485974941,0.16,0.512352174298747
is_detected,SNR 25 dB,geometry_mean,PCT,RPT,25,6,7.0,0.4142161782425253,0.08,1.0
is_detected,SNR 25 dB,geometry_mean,PCT,Raw Contrast,25,6,0.0,0.014305878435429648,0.24,0.12875290591886684
is_detected,SNR 25 dB,geometry_mean,PCT,SPCT,25,2,0.0,0.15729920705028502,0.08,0.6291968282011401
is_detected,SNR 25 dB,geometry_mean,RPT,Raw Contrast,25,4,0.0,0.04550026389635839,0.16,0.3640021111708671
is_detected,SNR 25 dB,geometry_mean,RPT,SPCT,25,4,5.0,1.0,0.0,1.0
is_detected,SNR 25 dB,geometry_mean,Raw Contrast,SPCT,25,4,0.0,0.04550026389635839,-0.16,0.3640021111708671
is_detected,SNR 30 dB,paired_run_exploratory,Matched Filter,PCT,250,80,810.0,7.74421643104407e-06,0.16,3.8721082155220355e-05
is_detected,SNR 30 dB,paired_run_exploratory,Matched Filter,RPT,250,50,255.0,2.2090496998585445e-05,0.12,8.836198799434178e-05
is_detected,SNR 30 dB,paired_run_exploratory,Matched Filter,Raw Contrast,250,110,0.0,9.799073841979368e-26,0.44,9.799073841979367e-25
is_detected,SNR 30 dB,paired_run_exploratory,Matched Filter,SPCT,250,50,0.0,1.5374597944280347e-12,0.2,9.224758766568208e-12
is_detected,SNR 30 dB,paired_run_exploratory,PCT,RPT,250,70,1065.0,0.23199772362873405,-0.04,0.23199772362873405
is_detected,SNR 30 dB,paired_run_exploratory,PCT,Raw Contrast,250,70,0.0,5.930445850082486e-17,0.28,4.744356680065988e-16
is_detected,SNR 30 dB,paired_run_exploratory,PCT,SPCT,250,30,155.0,0.06788915486182899,0.04,0.13577830972365798
is_detected,SNR 30 dB,paired_run_exploratory,RPT,Raw Contrast,250,80,0.0,3.744097384202872e-19,0.32,3.3696876457825848e-18
is_detected,SNR 30 dB,paired_run_exploratory,RPT,SPCT,250,60,610.0,0.009823274507519249,0.08,0.029469823522557746
is_detected,SNR 30 dB,paired_run_exploratory,Raw Contrast,SPCT,250,60,0.0,9.485737571073745e-15,-0.24,6.640016299751621e-14
is_detected,SNR 30 dB,geometry_mean,Matched Filter,PCT,25,8,9.0,0.15729920705028502,0.16,0.7864960352514251
is_detected,SNR 30 dB,geometry_mean,Matched Filter,RPT,25,5,3.0,0.17971249487899976,0.12,0.7864960352514251
is_detected,SNR 30 dB,geometry_mean,Matched Filter,Raw Contrast,25,11,0.0,0.0009111188771537128,0.44,0.009111188771537129
is_detected,SNR 30 dB,geometry_mean,Matched Filter,SPCT,25,5,0.0,0.025347318677468252,0.2,0.1520839120648095
is_detected,SNR 30 dB,geometry_mean,PCT,RPT,25,7,12.0,0.7054569861112734,-0.04,1.0
is_detected,SNR 30 dB,geometry_mean,PCT,Raw Contrast,25,7,0.0,0.0081509715935027,0.28,0.0652077727480216
is_detected,SNR 30 dB,geometry_mean,PCT,SPCT,25,3,2.0,0.5637028616507731,0.04,1.0
is_detected,SNR 30 dB,geometry_mean,RPT,Raw Contrast,25,8,0.0,0.0046777349810472576,0.32,0.04209961482942532
is_detected,SNR 30 dB,geometry_mean,RPT,SPCT,25,6,7.0,0.4142161782425253,0.08,1.0
is_detected,SNR 30 dB,geometry_mean,Raw Contrast,SPCT,25,6,0.0,0.014305878435429648,-0.24,0.10014114904800754
iou,All,paired_run_exploratory,Matched Filter,PCT,775,377,30035.0,0.008250994854881746,0.036823877068959184,0.016501989709763493
iou,All,paired_run_exploratory,Matched Filter,RPT,775,297,5510.0,3.090369687014734e-29,0.09874959819328119,2.472295749611787e-28
iou,All,paired_run_exploratory,Matched Filter,Raw Contrast,775,286,70.0,1.4925581654076907e-48,0.18677528917978617,1.4925581654076908e-47
iou,All,paired_run_exploratory,Matched Filter,SPCT,775,307,7220.0,4.9567679076754394e-26,0.12428369391446888,3.4697375353728074e-25
iou,All,paired_run_exploratory,PCT,RPT,775,290,14685.0,7.059535202126097e-06,0.06192572112432198,2.117860560637829e-05
iou,All,paired_run_exploratory,PCT,Raw Contrast,775,237,1008.0,2.1469662558596122e-35,0.14995141211082705,1.932269630273651e-34
iou,All,paired_run_exploratory,PCT,SPCT,775,230,4675.0,1.480026534845429e-17,0.08745981684550969,5.920106139381716e-17
iou,All,paired_run_exploratory,RPT,Raw Contrast,775,137,588.0,3.9422005979566986e-19,0.08802569098650498,1.971100298978349e-18
iou,All,paired_run_exploratory,RPT,SPCT,775,210,9060.0,0.021971689503904688,0.02553409572118771,0.021971689503904688
iou,All,paired_run_exploratory,Raw Contrast,SPCT,775,157,618.0,9.934245297250131e-23,-0.062491595265317314,5.960547178350078e-22
iou,All,geometry_mean,Matched Filter,PCT,25,24,113.0,0.290397165862864,0.036823877068959184,0.580794331725728
iou,All,geometry_mean,Matched Filter,RPT,25,24,18.0,0.00016206539237611391,0.09874959819328115,0.0014585885313850252
iou,All,geometry_mean,Matched Filter,Raw Contrast,25,24,3.0,2.664101312648834e-05,0.18677528917978617,0.0002664101312648834
iou,All,geometry_mean,Matched Filter,SPCT,25,24,47.0,0.003248831081067566,0.12428369391446888,0.019492986486405395
iou,All,geometry_mean,PCT,RPT,25,13,20.0,0.07438075387541655,0.06192572112432197,0.22314226162624967
iou,All,geometry_mean,PCT,Raw Contrast,25,14,3.0,0.00186284629798189,0.149951412110827,0.014779785199059765
iou,All,geometry_mean,PCT,SPCT,25,13,1.0,0.0018474731498824707,0.08745981684550969,0.014779785199059765
iou,All,geometry_mean,RPT,Raw Contrast,25,11,6.0,0.016262589934769065,0.08802569098650499,0.08131294967384532
iou,All,geometry_mean,RPT,SPCT,25,10,23.0,0.6464622026641696,0.025534095721187703,0.6464622026641696
iou,All,geometry_mean,Raw Contrast,SPCT,25,11,6.0,0.016262589934769065,-0.06249159526531731,0.08131294967384532
iou,Clean,paired_run_exploratory,Matched Filter,PCT,25,17,0.0,0.00028905006410405866,0.23650624914277402,0.0028905006410405868
iou,Clean,paired_run_exploratory,Matched Filter,RPT,25,17,0.0,0.00028905006410405866,0.23650624914277402,0.0028905006410405868
iou,Clean,paired_run_exploratory,Matched Filter,Raw Contrast,25,16,30.0,0.04919400520811843,0.07530266972442949,0.19677602083247372
iou,Clean,paired_run_exploratory,Matched Filter,SPCT,25,17,0.0,0.00028905006410405866,0.23650624914277402,0.0028905006410405868
iou,Clean,paired_run_exploratory,PCT,RPT,25,0,0.0,1.0,0.0,1.0
iou,Clean,paired_run_exploratory,PCT,Raw Contrast,25,7,0.0,0.01734969380088989,-0.1612035794183445,0.12144785660622923
iou,Clean,paired_run_exploratory,PCT,SPCT,25,0,0.0,1.0,0.0,1.0
iou,Clean,paired_run_exploratory,RPT,Raw Contrast,25,7,0.0,0.01734969380088989,-0.1612035794183445,0.12144785660622923
iou,Clean,paired_run_exploratory,RPT,SPCT,25,0,0.0,1.0,0.0,1.0
iou,Clean,paired_run_exploratory,Raw Contrast,SPCT,25,7,0.0,0.01734969380088989,0.1612035794183445,0.12144785660622923
iou,Clean,geometry_mean,Matched Filter,PCT,25,17,0.0,0.00028905006410405866,0.23650624914277402,0.0028905006410405868
iou,Clean,geometry_mean,Matched Filter,RPT,25,17,0.0,0.00028905006410405866,0.23650624914277402,0.0028905006410405868
iou,Clean,geometry_mean,Matched Filter,Raw Contrast,25,16,30.0,0.04919400520811843,0.07530266972442949,0.19677602083247372
iou,Clean,geometry_mean,Matched Filter,SPCT,25,17,0.0,0.00028905006410405866,0.23650624914277402,0.0028905006410405868
iou,Clean,geometry_mean,PCT,RPT,25,0,0.0,1.0,0.0,1.0
iou,Clean,geometry_mean,PCT,Raw Contrast,25,7,0.0,0.01734969380088989,-0.1612035794183445,0.12144785660622923
iou,Clean,geometry_mean,PCT,SPCT,25,0,0.0,1.0,0.0,1.0
iou,Clean,geometry_mean,RPT,Raw Contrast,25,7,0.0,0.01734969380088989,-0.1612035794183445,0.12144785660622923
iou,Clean,geometry_mean,RPT,SPCT,25,0,0.0,1.0,0.0,1.0
iou,Clean,geometry_mean,Raw Contrast,SPCT,25,7,0.0,0.01734969380088989,0.1612035794183445,0.12144785660622923
iou,SNR 20 dB,paired_run_exploratory,Matched Filter,PCT,250,100,2230.0,0.3084086137872244,0.034705169340463464,0.3084086137872244
iou,SNR 20 dB,paired_run_exploratory,Matched Filter,RPT,250,50,0.0,4.957709243786216e-10,0.12292335115864529,1.9830836975144865e-09
iou,SNR 20 dB,paired_run_exploratory,Matched Filter,Raw Contrast,250,50,0.0,3.90479931475842e-10,0.14959001782531195,1.95239965737921e-09
iou,SNR 20 dB,paired_run_exploratory,Matched Filter,SPCT,250,60,55.0,1.8405550781392047e-10,0.13940819964349377,1.4724440625113638e-09
iou,SNR 20 dB,paired_run_exploratory,PCT,RPT,250,100,705.0,3.105356252559801e-10,0.08821818181818182,1.8632137515358806e-09
iou,SNR 20 dB,paired_run_exploratory,PCT,Raw Contrast,250,90,0.0,1.1033248838087768e-16,0.11488484848484848,1.1033248838087767e-15
iou,SNR 20 dB,paired_run_exploratory,PCT,SPCT,250,90,55.0,7.501288937407341e-16,0.10470303030303031,6.751160043666606e-15
iou,SNR 20 dB,paired_run_exploratory,RPT,Raw Contrast,250,10,0.0,0.001565402258002548,0.026666666666666665,0.004696206774007644
iou,SNR 20 dB,paired_run_exploratory,RPT,SPCT,250,50,455.0,0.06976710496745316,0.016484848484848498,0.1395342099349063
iou,SNR 20 dB,paired_run_exploratory,Raw Contrast,SPCT,250,50,0.0,1.841556157934649e-10,-0.010181818181818172,1.4724440625113638e-09
iou,SNR 20 dB,geometry_mean,Matched Filter,PCT,25,10,25.0,0.7983461604505482,0.034705169340463464,0.9844139853116314
iou,SNR 20 dB,geometry_mean,Matched Filter,RPT,25,5,0.0,0.04216819709715596,0.12292335115864528,0.3074714418942537
iou,SNR 20 dB,geometry_mean,Matched Filter,Raw Contrast,25,5,0.0,0.041226833337163676,0.14959001782531195,0.3074714418942537
iou,SNR 20 dB,geometry_mean,Matched Filter,SPCT,25,6,1.0,0.045799589111186666,0.13940819964349377,0.3074714418942537
iou,SNR 20 dB,geometry_mean,PCT,RPT,25,10,7.5,0.04069953279149723,0.08821818181818182,0.3074714418942537
iou,SNR 20 dB,geometry_mean,PCT,Raw Contrast,25,9,0.0,0.007420961287866498,0.11488484848484848,0.07420961287866498
iou,SNR 20 dB,geometry_mean,PCT,SPCT,25,9,1.0,0.010585735359396723,0.10470303030303031,0.0952716182345705
iou,SNR 20 dB,geometry_mean,RPT,Raw Contrast,25,1,0.0,0.31731050786291415,0.026666666666666665,0.9519315235887424
iou,SNR 20 dB,geometry_mean,RPT,SPCT,25,5,5.0,0.4922069926558157,0.016484848484848495,0.9844139853116314
iou,SNR 20 dB,geometry_mean,Raw Contrast,SPCT,25,5,0.0,0.03843393023678171,-0.010181818181818172,0.3074714418942537
iou,SNR 25 dB,paired_run_exploratory,Matched Filter,PCT,250,110,2885.0,0.6166538127979087,0.02710762636843431,0.6166538127979087
iou,SNR 25 dB,paired_run_exploratory,Matched Filter,RPT,250,80,0.0,6.3883444134717705e-15,0.11766870384517444,5.1106755307774164e-14
iou,SNR 25 dB,paired_run_exploratory,Matched Filter,Raw Contrast,250,80,0.0,4.449614979152196e-15,0.20719251336898398,4.0046534812369764e-14
iou,SNR 25 dB,paired_run_exploratory,Matched Filter,SPCT,250,90,55.0,8.580833772061026e-16,0.197710630293173,8.580833772061026e-15
iou,SNR 25 dB,paired_run_exploratory,PCT,RPT,250,90,1410.0,0.010123678329330763,0.09056107747674012,0.020247356658661526
iou,SNR 25 dB,paired_run_exploratory,PCT,Raw Contrast,250,70,0.0,2.770361246967925e-13,0.18008488700054964,1.9392528728775473e-12
iou,SNR 25 dB,paired_run_exploratory,PCT,SPCT,250,70,0.0,3.1138317488063133e-13,0.17060300392473868,1.9392528728775473e-12
iou,SNR 25 dB,paired_run_exploratory,RPT,Raw Contrast,250,40,0.0,1.940442012846114e-08,0.08952380952380952,9.70221006423057e-08
iou,SNR 25 dB,paired_run_exploratory,RPT,SPCT,250,60,210.0,1.7390173404300832e-07,0.08004192644799857,5.21705202129025e-07
iou,SNR 25 dB,paired_run_exploratory,Raw Contrast,SPCT,250,40,0.0,1.940442012846114e-08,-0.009481883075810965,9.70221006423057e-08
iou,SNR 25 dB,geometry_mean,Matched Filter,PCT,25,11,32.0,0.9290828384477927,0.027107626368434303,0.9290828384477927
iou,SNR 25 dB,geometry_mean,Matched Filter,RPT,25,8,0.0,0.011616044899262472,0.11766870384517444,0.10723552816128437
iou,SNR 25 dB,geometry_mean,Matched Filter,Raw Contrast,25,8,0.0,0.011209733383895203,0.20719251336898395,0.10723552816128437
iou,SNR 25 dB,geometry_mean,Matched Filter,SPCT,25,9,1.0,0.010723552816128436,0.197710630293173,0.10723552816128437
iou,SNR 25 dB,geometry_mean,PCT,RPT,25,9,15.0,0.3738398566319153,0.09056107747674014,0.7476797132638306
iou,SNR 25 dB,geometry_mean,PCT,Raw Contrast,25,7,0.0,0.01775592261403605,0.18008488700054964,0.12429145829825236
iou,SNR 25 dB,geometry_mean,PCT,SPCT,25,7,0.0,0.017960477526078766,0.1706030039247387,0.12429145829825236
iou,SNR 25 dB,geometry_mean,RPT,Raw Contrast,25,4,0.0,0.06559969214707187,0.08952380952380952,0.3279984607353593
iou,SNR 25 dB,geometry_mean,RPT,SPCT,25,6,3.0,0.11484960926328612,0.08004192644799855,0.34454882778985835
iou,SNR 25 dB,geometry_mean,Raw Contrast,SPCT,25,4,0.0,0.06559969214707187,-0.009481883075810963,0.3279984607353593
iou,SNR 30 dB,paired_run_exploratory,Matched Filter,PCT,250,150,5330.0,0.5321415361497794,0.02869059829059829,1.0
iou,SNR 30 dB,paired_run_exploratory,Matched Filter,RPT,250,150,3320.0,1.0709096716855418e-05,0.04188107448107449,6.42545803011325e-05
iou,SNR 30 dB,paired_run_exploratory,Matched Filter,Raw Contrast,250,140,0.0,4.424498783800465e-25,0.21469059829059828,4.4244987838004655e-24
iou,SNR 30 dB,paired_run_exploratory,Matched Filter,SPCT,250,140,4730.0,0.6690203659695446,0.02450999628390932,1.0
iou,SNR 30 dB,paired_run_exploratory,PCT,RPT,250,100,2330.0,0.5013997950563649,0.0131904761904762,1.0
iou,SNR 30 dB,paired_run_exploratory,PCT,Raw Contrast,250,70,0.0,1.7182113154047304e-13,0.18599999999999997,1.3745690523237843e-12
iou,SNR 30 dB,paired_run_exploratory,PCT,SPCT,250,70,1165.0,0.6486410767308676,-0.004180602006688972,1.0
iou,SNR 30 dB,paired_run_exploratory,RPT,Raw Contrast,250,80,0.0,5.33714795744871e-15,0.1728095238095238,4.803433161703839e-14
iou,SNR 30 dB,paired_run_exploratory,RPT,SPCT,250,100,2430.0,0.7432705641957659,-0.017371078197165164,1.0
iou,SNR 30 dB,paired_run_exploratory,Raw Contrast,SPCT,250,60,0.0,6.1197901410653e-12,-0.190180602006689,4.28385309874571e-11
iou,SNR 30 dB,geometry_mean,Matched Filter,PCT,25,15,56.0,0.8201374695011017,0.02869059829059829,1.0
iou,SNR 30 dB,geometry_mean,Matched Filter,RPT,25,15,35.0,0.15521848968468396,0.04188107448107448,0.9313109381081037
iou,SNR 30 dB,geometry_mean,Matched Filter,Raw Contrast,25,14,0.0,0.0009096482823255391,0.2146905982905983,0.00909648282325539
iou,SNR 30 dB,geometry_mean,Matched Filter,SPCT,25,14,50.0,0.8750773809773248,0.024509996283909322,1.0
iou,SNR 30 dB,geometry_mean,PCT,RPT,25,10,26.0,0.8783248501010348,0.01319047619047621,1.0
iou,SNR 30 dB,geometry_mean,PCT,Raw Contrast,25,7,0.0,0.0169473483375683,0.18599999999999997,0.1355787867005464
iou,SNR 30 dB,geometry_mean,PCT,SPCT,25,7,13.0,0.8655343251561596,-0.004180602006688969,1.0
iou,SNR 30 dB,geometry_mean,RPT,Raw Contrast,25,8,0.0,0.011412036386001651,0.17280952380952377,0.10270832747401486
iou,SNR 30 dB,geometry_mean,RPT,SPCT,25,10,27.0,0.9593007893622097,-0.017371078197165157,1.0
iou,SNR 30 dB,geometry_mean,Raw Contrast,SPCT,25,6,0.0,0.025596805385948558,-0.19018060200668896,0.1791776377016399
cnr,All,paired_run_exploratory,Matched Filter,PCT,775,775,143826.0,0.29532871872040845,-0.9581352752955203,0.29532871872040845
cnr,All,paired_run_exploratory,Matched Filter,RPT,775,775,6494.0,8.124980768518539e-118,0.5360531416547463,6.499984614814831e-117
cnr,All,paired_run_exploratory,Matched Filter,Raw Contrast,775,775,8099.0,3.022788615266218e-115,0.853768221899605,2.1159520306863525e-114
cnr,All,paired_run_exploratory,Matched Filter,SPCT,775,775,58227.0,2.0526764771847194e-49,-0.772162385135471,8.210705908738878e-49
cnr,All,paired_run_exploratory,PCT,RPT,775,775,440.0,9.017140776632417e-128,1.4941884169502664,9.017140776632418e-127
cnr,All,paired_run_exploratory,PCT,Raw Contrast,775,775,3805.0,3.456965125121103e-122,1.8119034971951253,3.1112686126089924e-121
cnr,All,paired_run_exploratory,PCT,SPCT,775,775,74526.0,4.905193055379951e-34,0.18597289016004928,9.810386110759902e-34
cnr,All,paired_run_exploratory,RPT,Raw Contrast,775,775,34579.0,5.555621744539903e-77,0.3177150802448589,2.7778108722699516e-76
cnr,All,paired_run_exploratory,RPT,SPCT,775,775,61344.0,3.031408546384276e-46,-1.308215526790217,9.094225639152827e-46
cnr,All,paired_run_exploratory,Raw Contrast,SPCT,775,775,15400.0,6.473981267043352e-104,-1.6259306070350759,3.884388760226011e-103
cnr,All,geometry_mean,Matched Filter,PCT,25,25,64.0,0.008041299200010583,-0.95813527529552,0.02412389760003175
cnr,All,geometry_mean,Matched Filter,RPT,25,25,0.0,1.2290322210248409e-05,0.5360531416547463,0.00012290322210248408
cnr,All,geometry_mean,Matched Filter,Raw Contrast,25,25,1.0,1.3898014093789906e-05,0.8537682218996051,0.00012290322210248408
cnr,All,geometry_mean,Matched Filter,SPCT,25,25,154.0,0.8190952935504228,-0.7721623851354709,0.8190952935504228
cnr,All,geometry_mean,PCT,RPT,25,25,0.0,1.2290322210248409e-05,1.4941884169502664,0.00012290322210248408
cnr,All,geometry_mean,PCT,Raw Contrast,25,25,0.0,1.2290322210248409e-05,1.8119034971951253,0.00012290322210248408
cnr,All,geometry_mean,PCT,SPCT,25,25,77.0,0.02141759177072576,0.18597289016004917,0.04283518354145152
cnr,All,geometry_mean,RPT,Raw Contrast,25,25,42.0,0.0011857626633755584,0.31771508024485884,0.005928813316877792
cnr,All,geometry_mean,RPT,SPCT,25,25,53.0,0.0032159320975066147,-1.308215526790217,0.012863728390026459
cnr,All,geometry_mean,Raw Contrast,SPCT,25,25,0.0,1.2290322210248409e-05,-1.625930607035076,0.00012290322210248408
cnr,Clean,paired_run_exploratory,Matched Filter,PCT,25,25,114.0,0.19189788048905043,-18.83099064846631,1.0
cnr,Clean,paired_run_exploratory,Matched Filter,RPT,25,25,146.0,0.657068579934484,-2.082068453678291,1.0
cnr,Clean,paired_run_exploratory,Matched Filter,Raw Contrast,25,25,71.0,0.013817143683192262,-3.674062229078305,0.1105371494655381
cnr,Clean,paired_run_exploratory,Matched Filter,SPCT,25,25,152.0,0.7775428401502809,-32.315194358603215,1.0
cnr,Clean,paired_run_exploratory,PCT,RPT,25,25,0.0,1.2290322210248409e-05,16.748922194788022,0.00012290322210248408
cnr,Clean,paired_run_exploratory,PCT,Raw Contrast,25,25,120.0,0.25281290101640796,15.156928419388008,1.0
cnr,Clean,paired_run_exploratory,PCT,SPCT,25,25,141.0,0.5629275404066632,-13.4842037101369,1.0
cnr,Clean,paired_run_exploratory,RPT,Raw Contrast,25,25,21.0,0.00014047636832915627,-1.5919937754000137,0.0012642873149624064
cnr,Clean,paired_run_exploratory,RPT,SPCT,25,25,119.0,0.24181965823701845,-30.23312590492493,1.0
cnr,Clean,paired_run_exploratory,Raw Contrast,SPCT,25,25,150.0,0.7366172061350037,-28.64113212952491,1.0
cnr,Clean,geometry_mean,Matched Filter,PCT,25,25,114.0,0.19189788048905043,-18.83099064846631,1.0
cnr,Clean,geometry_mean,Matched Filter,RPT,25,25,146.0,0.657068579934484,-2.082068453678291,1.0
cnr,Clean,geometry_mean,Matched Filter,Raw Contrast,25,25,71.0,0.013817143683192262,-3.674062229078305,0.1105371494655381
cnr,Clean,geometry_mean,Matched Filter,SPCT,25,25,152.0,0.7775428401502809,-32.315194358603215,1.0
cnr,Clean,geometry_mean,PCT,RPT,25,25,0.0,1.2290322210248409e-05,16.748922194788022,0.00012290322210248408
cnr,Clean,geometry_mean,PCT,Raw Contrast,25,25,120.0,0.25281290101640796,15.156928419388008,1.0
cnr,Clean,geometry_mean,PCT,SPCT,25,25,141.0,0.5629275404066632,-13.4842037101369,1.0
cnr,Clean,geometry_mean,RPT,Raw Contrast,25,25,21.0,0.00014047636832915627,-1.5919937754000137,0.0012642873149624064
cnr,Clean,geometry_mean,RPT,SPCT,25,25,119.0,0.24181965823701845,-30.23312590492493,1.0
cnr,Clean,geometry_mean,Raw Contrast,SPCT,25,25,150.0,0.7366172061350037,-28.64113212952491,1.0
cnr,SNR 20 dB,paired_run_exploratory,Matched Filter,PCT,250,250,11350.0,0.00015030010001326868,0.006160327658073328,0.00030060020002653737
cnr,SNR 20 dB,paired_run_exploratory,Matched Filter,RPT,250,250,0.0,8.916606812247114e-43,0.49599452549174977,8.916606812247114e-42
cnr,SNR 20 dB,paired_run_exploratory,Matched Filter,Raw Contrast,250,250,155.0,5.714463004108668e-42,0.6416076503796037,4.5715704032869343e-41
cnr,SNR 20 dB,paired_run_exploratory,Matched Filter,SPCT,250,250,4430.0,7.722171205226698e-23,0.33412017041824377,3.861085602613349e-22
cnr,SNR 20 dB,paired_run_exploratory,PCT,RPT,250,250,55.0,1.7273576551882316e-42,0.4898341978336764,1.5546218896694085e-41
cnr,SNR 20 dB,paired_run_exploratory,PCT,Raw Contrast,250,250,610.0,1.2007966724475618e-39,0.6354473227215305,8.405576707132932e-39
cnr,SNR 20 dB,paired_run_exploratory,PCT,SPCT,250,250,13230.0,0.03174337607889041,0.32795984276017043,0.03174337607889041
cnr,SNR 20 dB,paired_run_exploratory,RPT,Raw Contrast,250,250,5940.0,1.617561756672605e-17,0.14561312488785405,6.47024702669042e-17
cnr,SNR 20 dB,paired_run_exploratory,RPT,SPCT,250,250,8375.0,1.6540107816318643e-10,-0.16187435507350595,4.962032344895593e-10
cnr,SNR 20 dB,paired_run_exploratory,Raw Contrast,SPCT,250,250,2120.0,1.9856145483230508e-32,-0.30748747996136006,1.1913687289938305e-31
cnr,SNR 20 dB,geometry_mean,Matched Filter,PCT,25,25,118.0,0.23116721286114483,0.006160327658073335,0.46233442572228967
cnr,SNR 20 dB,geometry_mean,Matched Filter,RPT,25,25,0.0,1.2290322210248409e-05,0.49599452549174977,0.00012290322210248408
cnr,SNR 20 dB,geometry_mean,Matched Filter,Raw Contrast,25,25,2.0,1.570510001975002e-05,0.6416076503796038,0.00012564080015800016
cnr,SNR 20 dB,geometry_mean,Matched Filter,SPCT,25,25,47.0,0.0018851854386615471,0.33412017041824377,0.009425927193307735
cnr,SNR 20 dB,geometry_mean,PCT,RPT,25,25,1.0,1.3898014093789906e-05,0.48983419783367643,0.00012508212684410916
cnr,SNR 20 dB,geometry_mean,PCT,Raw Contrast,25,25,7.0,2.8639287393114438e-05,0.6354473227215304,0.00020047501175180106
cnr,SNR 20 dB,geometry_mean,PCT,SPCT,25,25,135.0,0.4593363573147894,0.32795984276017054,0.46233442572228967
cnr,SNR 20 dB,geometry_mean,RPT,Raw Contrast,25,25,63.0,0.007423194605873108,0.14561312488785402,0.02969277842349243
cnr,SNR 20 dB,geometry_mean,RPT,SPCT,25,25,86.0,0.0395537900122909,-0.16187435507350595,0.11866137003687272
cnr,SNR 20 dB,geometry_mean,Raw Contrast,SPCT,25,25,23.0,0.00017437265613726082,-0.30748747996136,0.0010462359368235649
cnr,SNR 25 dB,paired_run_exploratory,Matched Filter,PCT,250,250,10250.0,2.015427920314022e-06,-0.17247416628485165,4.030855840628044e-06
cnr,SNR 25 dB,paired_run_exploratory,Matched Filter,RPT,250,250,0.0,8.916606812247114e-43,0.6407077004305666,8.916606812247114e-42
cnr,SNR 25 dB,paired_run_exploratory,Matched Filter,Raw Contrast,250,250,0.0,8.916606812247114e-43,0.9903764205276284,8.916606812247114e-42
cnr,SNR 25 dB,paired_run_exploratory,Matched Filter,SPCT,250,250,1320.0,3.691312579097219e-36,0.5211919367335466,1.8456562895486095e-35
cnr,SNR 25 dB,paired_run_exploratory,PCT,RPT,250,250,155.0,5.714463004108668e-42,0.8131818667154184,4.0001241028760675e-41
cnr,SNR 25 dB,paired_run_exploratory,PCT,Raw Contrast,250,250,55.0,1.7273576551882316e-42,1.16285058681248,1.3818861241505852e-41
cnr,SNR 25 dB,paired_run_exploratory,PCT,SPCT,250,250,9260.0,1.9425711661322494e-08,0.6936661030183982,5.827713498396748e-08
cnr,SNR 25 dB,paired_run_exploratory,RPT,Raw Contrast,250,250,1520.0,3.3085112232831997e-35,0.34966872009706185,1.3234044893132799e-34
cnr,SNR 25 dB,paired_run_exploratory,RPT,SPCT,250,250,10350.0,3.0939778707924314e-06,-0.1195157636970202,4.030855840628044e-06
cnr,SNR 25 dB,paired_run_exploratory,Raw Contrast,SPCT,250,250,765.0,7.162340921497065e-39,-0.469184483794082,4.297404552898239e-38
cnr,SNR 25 dB,geometry_mean,Matched Filter,PCT,25,25,107.0,0.1353498838175801,-0.17247416628485163,0.2706997676351602
cnr,SNR 25 dB,geometry_mean,Matched Filter,RPT,25,25,0.0,1.2290322210248409e-05,0.6407077004305667,0.00012290322210248408
cnr,SNR 25 dB,geometry_mean,Matched Filter,Raw Contrast,25,25,0.0,1.2290322210248409e-05,0.9903764205276283,0.00012290322210248408
cnr,SNR 25 dB,geometry_mean,Matched Filter,SPCT,25,25,15.0,7.224472548320885e-05,0.5211919367335465,0.00036122362741604423
cnr,SNR 25 dB,geometry_mean,PCT,RPT,25,25,2.0,1.570510001975002e-05,0.8131818667154183,0.00012290322210248408
cnr,SNR 25 dB,geometry_mean,PCT,Raw Contrast,25,25,1.0,1.3898014093789906e-05,1.16285058681248,0.00012290322210248408
cnr,SNR 25 dB,geometry_mean,PCT,SPCT,25,25,98.0,0.08265302326825262,0.693666103018398,0.24795906980475785
cnr,SNR 25 dB,geometry_mean,RPT,Raw Contrast,25,25,17.0,9.04208227922375e-05,0.3496687200970618,0.00036168329116895
cnr,SNR 25 dB,geometry_mean,RPT,SPCT,25,25,108.0,0.14253207931545736,-0.11951576369702009,0.2706997676351602
cnr,SNR 25 dB,geometry_mean,Raw Contrast,SPCT,25,25,9.0,3.6243051182812436e-05,-0.46918448379408195,0.0002174583070968746
cnr,SNR 30 dB,paired_run_exploratory,Matched Filter,PCT,250,250,9240.0,1.755490668463641e-08,-0.9208064499427029,3.510981336927282e-08
cnr,SNR 30 dB,paired_run_exploratory,Matched Filter,RPT,250,250,55.0,1.7273576551882316e-42,0.7332693585752259,1.0364145931129389e-41
cnr,SNR 30 dB,paired_run_exploratory,Matched Filter,Raw Contrast,250,250,0.0,8.916606812247114e-43,1.3821036398893738,8.916606812247114e-42
cnr,SNR 30 dB,paired_run_exploratory,Matched Filter,SPCT,250,250,11695.0,0.00048469504350452734,-0.017496065211428713,0.00048469504350452734
cnr,SNR 30 dB,paired_run_exploratory,PCT,RPT,250,250,0.0,8.916606812247114e-43,1.6540758085179286,8.916606812247114e-42
cnr,SNR 30 dB,paired_run_exploratory,PCT,Raw Contrast,250,250,0.0,8.916606812247114e-43,2.302910089832077,8.916606812247114e-42
cnr,SNR 30 dB,paired_run_exploratory,PCT,SPCT,250,250,2420.0,4.390877105599941e-31,0.903310384731274,1.3172631316799821e-30
cnr,SNR 30 dB,paired_run_exploratory,RPT,Raw Contrast,250,250,355.0,6.113134842906658e-41,0.648834281314148,3.0565674214533292e-40
cnr,SNR 30 dB,paired_run_exploratory,RPT,SPCT,250,250,1620.0,9.792970934425138e-35,-0.7507654237866546,3.917188373770055e-34
cnr,SNR 30 dB,paired_run_exploratory,Raw Contrast,SPCT,250,250,0.0,8.916606812247114e-43,-1.3995997051008027,8.916606812247114e-42
cnr,SNR 30 dB,geometry_mean,Matched Filter,PCT,25,25,96.0,0.07356496369682643,-0.9208064499427028,0.14712992739365285
cnr,SNR 30 dB,geometry_mean,Matched Filter,RPT,25,25,1.0,1.3898014093789906e-05,0.7332693585752259,0.00012290322210248408
cnr,SNR 30 dB,geometry_mean,Matched Filter,Raw Contrast,25,25,0.0,1.2290322210248409e-05,1.3821036398893742,0.00012290322210248408
cnr,SNR 30 dB,geometry_mean,Matched Filter,SPCT,25,25,121.0,0.2641496340638618,-0.017496065211428668,0.2641496340638618
cnr,SNR 30 dB,geometry_mean,PCT,RPT,25,25,0.0,1.2290322210248409e-05,1.6540758085179288,0.00012290322210248408
cnr,SNR 30 dB,geometry_mean,PCT,Raw Contrast,25,25,0.0,1.2290322210248409e-05,2.3029100898320767,0.00012290322210248408
cnr,SNR 30 dB,geometry_mean,PCT,SPCT,25,25,26.0,0.0002399133937569928,0.9033103847312742,0.0007197401812709784
cnr,SNR 30 dB,geometry_mean,RPT,Raw Contrast,25,25,4.0,2.0013017437675493e-05,0.648834281314148,0.00012290322210248408
cnr,SNR 30 dB,geometry_mean,RPT,SPCT,25,25,18.0,0.00010105333347050026,-0.7507654237866546,0.00040421333388200104
cnr,SNR 30 dB,geometry_mean,Raw Contrast,SPCT,25,25,0.0,1.2290322210248409e-05,-1.3995997051008024,0.00012290322210248408
