diameter_mm,depth_mm,nx,ny,nz,inclusion_cells,represented_volume_mm3,target_volume_mm3,volume_error_pct
4.0,0.2,30,22,12,0,0.0,6.283185307179586,100.0
4.0,0.4,30,22,12,0,0.0,6.283185307179586,100.0
4.0,0.6,30,22,12,0,0.0,6.283185307179586,100.0
4.0,0.8,30,22,12,0,0.0,6.283185307179586,100.0
4.0,1.0,30,22,12,0,0.0,6.283185307179586,100.0
8.0,0.4,30,22,12,12,24.39393939393939,25.132741228718345,2.9395990992608074
0.0,0.0,30,22,12,0,0.0,0.0,
4.0,0.2,40,28,16,16,14.374999999999998,6.283185307179586,128.78523069459953
4.0,1.0,40,28,16,12,10.78125,6.283185307179586,71.58892302094966
