diameter_mm,depth_mm,mesh,l2_kelvin_pct,l2_celsius_pct,l2_temperature_rise_pct,rmse_k,max_absolute_error_k,fem_peak_contrast_k,fdm_peak_contrast_k,contrast_rmse_k,nominal_elements_across_diameter
4.0,0.2,baseline,0.010775615817543549,0.14537324745904642,1.4724015824045122,0.031786810225450116,0.1507124022041353,0.10601157520886773,0.0019890294851734325,0.08162066231657575,1.2
4.0,0.4,baseline,0.010668932461346432,0.14393443631597508,1.4578674200367727,0.031472098929195065,0.1127854787864635,0.06824419665531423,0.0019890294851734325,0.05222098143872066,1.2
4.0,0.6,baseline,0.010633089780287383,0.14345111415683512,1.4529927645292142,0.03136636320152119,0.09710015682719586,0.05267683229976683,0.0019890294851734325,0.04010707090040719,1.2
4.0,0.8,baseline,0.010609742604575045,0.14313632191219128,1.4498209257517922,0.031297488564224714,0.08559251184414052,0.041354992857861816,0.0019890294851734325,0.031248806261853668,1.2
4.0,1.0,baseline,0.010593566182498033,0.14291823574700546,1.447625536672588,0.03124976740995094,0.07689853176844963,0.032867212372480026,0.0019890294851734325,0.02458224397075556,1.2
8.0,0.4,baseline,0.016921693043064866,0.2282704906181519,2.309988350204354,0.04991734968402655,0.7052372489323488,0.40007443042156865,1.1467332837314075,0.5731516302227674,2.4
0.0,0.0,baseline,0.01049789191444103,0.14162905295823422,1.4347427382026798,0.030967513011497423,0.04584749937907873,0.002651694753069478,0.0019890294851734325,0.0003087185532398242,0.0
4.0,0.2,refined,0.023690453921539022,0.3196007387024216,3.2364836681305507,0.06988417867250608,1.2967248619501106,0.19080642011425653,1.527687492440009,1.03187152830699,1.6
4.0,1.0,refined,0.009501135944420813,0.12817901885483388,1.2982140582653958,0.02802724806396661,0.11256742945732867,0.056903595218841474,0.2068494845503892,0.11550266319596522,1.6
